Name,L,R,P,Effect
Sir Scrubbington,3,2,4,Gains +1 L if Ducky is in play
Ducky the Demolisher,2,4,2,Can be played as Splash to bounce 1 enemy
Scrubzilla,5,1,5,Must attack every turn
Minty Max,3,3,3,All enemy traps lose their effect for 1 turn
Soapranos,4,3,2,"If you hum a song while playing, gain +2 L"
Captain Loofa,2,5,2,Can dodge 1 attack per game
Sudzilla Jr.,3,1,5,Immune to Splash effects
Tidy Tina,2,4,3,Traps cost +1 to activate against her
Brushley,4,2,3,Equip cards cost 0 for this unit
Lavender Lenny,2,3,4,"On KO, heal 2 damage to ally"
Foam Knight,3,2,5,"When equipped, double item effect"
Washer Wally,2,2,4,"If he survives 2 turns, search deck for a Splash"
Duo Detergents,1,5,2,Can attack twice but at -1 L each hit
Mr. Bubbleton,3,3,3,No effect — just vibin'
